,Month,Trend_Value,Search_Term
1,2004-01,65,Alcohol
2,2004-02,67,Alcohol
3,2004-03,61,Alcohol
4,2004-04,76,Alcohol
5,2004-05,67,Alcohol
6,2004-06,54,Alcohol
7,2004-07,56,Alcohol
8,2004-08,58,Alcohol
9,2004-09,74,Alcohol
10,2004-10,74,Alcohol
11,2004-11,79,Alcohol
12,2004-12,68,Alcohol
13,2005-01,66,Alcohol
14,2005-02,67,Alcohol
15,2005-03,71,Alcohol
16,2005-04,72,Alcohol
17,2005-05,71,Alcohol
18,2005-06,60,Alcohol
19,2005-07,65,Alcohol
20,2005-08,60,Alcohol
21,2005-09,66,Alcohol
22,2005-10,74,Alcohol
23,2005-11,73,Alcohol
24,2005-12,68,Alcohol
25,2006-01,69,Alcohol
26,2006-02,65,Alcohol
27,2006-03,68,Alcohol
28,2006-04,67,Alcohol
29,2006-05,65,Alcohol
30,2006-06,56,Alcohol
31,2006-07,56,Alcohol
32,2006-08,56,Alcohol
33,2006-09,62,Alcohol
34,2006-10,67,Alcohol
35,2006-11,63,Alcohol
36,2006-12,61,Alcohol
37,2007-01,60,Alcohol
38,2007-02,64,Alcohol
39,2007-03,65,Alcohol
40,2007-04,66,Alcohol
41,2007-05,61,Alcohol
42,2007-06,59,Alcohol
43,2007-07,61,Alcohol
44,2007-08,59,Alcohol
45,2007-09,61,Alcohol
46,2007-10,69,Alcohol
47,2007-11,65,Alcohol
48,2007-12,63,Alcohol
49,2008-01,57,Alcohol
50,2008-02,60,Alcohol
51,2008-03,58,Alcohol
52,2008-04,63,Alcohol
53,2008-05,57,Alcohol
54,2008-06,53,Alcohol
55,2008-07,57,Alcohol
56,2008-08,53,Alcohol
57,2008-09,58,Alcohol
58,2008-10,64,Alcohol
59,2008-11,63,Alcohol
60,2008-12,67,Alcohol
61,2009-01,60,Alcohol
62,2009-02,66,Alcohol
63,2009-03,71,Alcohol
64,2009-04,64,Alcohol
65,2009-05,67,Alcohol
66,2009-06,60,Alcohol
67,2009-07,60,Alcohol
68,2009-08,59,Alcohol
69,2009-09,62,Alcohol
70,2009-10,69,Alcohol
71,2009-11,69,Alcohol
72,2009-12,69,Alcohol
73,2010-01,62,Alcohol
74,2010-02,66,Alcohol
75,2010-03,64,Alcohol
76,2010-04,68,Alcohol
77,2010-05,63,Alcohol
78,2010-06,59,Alcohol
79,2010-07,59,Alcohol
80,2010-08,61,Alcohol
81,2010-09,65,Alcohol
82,2010-10,69,Alcohol
83,2010-11,69,Alcohol
84,2010-12,68,Alcohol
85,2011-01,72,Alcohol
86,2011-02,71,Alcohol
87,2011-03,74,Alcohol
88,2011-04,74,Alcohol
89,2011-05,70,Alcohol
90,2011-06,69,Alcohol
91,2011-07,76,Alcohol
92,2011-08,71,Alcohol
93,2011-09,72,Alcohol
94,2011-10,72,Alcohol
95,2011-11,76,Alcohol
96,2011-12,78,Alcohol
97,2012-01,73,Alcohol
98,2012-02,80,Alcohol
99,2012-03,75,Alcohol
100,2012-04,80,Alcohol
101,2012-05,76,Alcohol
102,2012-06,75,Alcohol
103,2012-07,76,Alcohol
104,2012-08,77,Alcohol
105,2012-09,79,Alcohol
106,2012-10,72,Alcohol
107,2012-11,73,Alcohol
108,2012-12,78,Alcohol
109,2013-01,75,Alcohol
110,2013-02,79,Alcohol
111,2013-03,77,Alcohol
112,2013-04,76,Alcohol
113,2013-05,78,Alcohol
114,2013-06,75,Alcohol
115,2013-07,79,Alcohol
116,2013-08,75,Alcohol
117,2013-09,72,Alcohol
118,2013-10,73,Alcohol
119,2013-11,76,Alcohol
120,2013-12,74,Alcohol
121,2014-01,74,Alcohol
122,2014-02,74,Alcohol
123,2014-03,74,Alcohol
124,2014-04,82,Alcohol
125,2014-05,75,Alcohol
126,2014-06,74,Alcohol
127,2014-07,75,Alcohol
128,2014-08,74,Alcohol
129,2014-09,69,Alcohol
130,2014-10,72,Alcohol
131,2014-11,74,Alcohol
132,2014-12,75,Alcohol
133,2015-01,73,Alcohol
134,2015-02,71,Alcohol
135,2015-03,78,Alcohol
136,2015-04,76,Alcohol
137,2015-05,72,Alcohol
138,2015-06,74,Alcohol
139,2015-07,79,Alcohol
140,2015-08,79,Alcohol
141,2015-09,78,Alcohol
142,2015-10,78,Alcohol
143,2015-11,74,Alcohol
144,2015-12,82,Alcohol
145,2016-01,81,Alcohol
146,2016-02,78,Alcohol
147,2016-03,77,Alcohol
148,2016-04,79,Alcohol
149,2016-05,86,Alcohol
150,2016-06,81,Alcohol
151,2016-07,84,Alcohol
152,2016-08,75,Alcohol
153,2016-09,77,Alcohol
154,2016-10,85,Alcohol
155,2016-11,77,Alcohol
156,2016-12,86,Alcohol
157,2017-01,80,Alcohol
158,2017-02,79,Alcohol
159,2017-03,81,Alcohol
160,2017-04,85,Alcohol
161,2017-05,87,Alcohol
162,2017-06,88,Alcohol
163,2017-07,95,Alcohol
164,2017-08,84,Alcohol
165,2017-09,77,Alcohol
166,2017-10,84,Alcohol
167,2017-11,86,Alcohol
168,2017-12,92,Alcohol
169,2018-01,86,Alcohol
170,2018-02,86,Alcohol
171,2018-03,86,Alcohol
172,2018-04,87,Alcohol
173,2018-05,85,Alcohol
174,2018-06,91,Alcohol
175,2018-07,96,Alcohol
176,2018-08,90,Alcohol
177,2018-09,88,Alcohol
178,2018-10,87,Alcohol
179,2018-11,85,Alcohol
180,2018-12,96,Alcohol
181,2019-01,90,Alcohol
182,2019-02,86,Alcohol
183,2019-03,86,Alcohol
184,2019-04,87,Alcohol
185,2019-05,94,Alcohol
186,2019-06,94,Alcohol
187,2019-07,93,Alcohol
188,2019-08,92,Alcohol
189,2019-09,91,Alcohol
190,2019-10,87,Alcohol
191,2019-11,89,Alcohol
192,2019-12,100,Alcohol
193,2004-01,26,Chest
194,2004-02,27,Chest
195,2004-03,27,Chest
196,2004-04,25,Chest
197,2004-05,27,Chest
198,2004-06,26,Chest
199,2004-07,29,Chest
200,2004-08,25,Chest
201,2004-09,36,Chest
202,2004-10,32,Chest
203,2004-11,31,Chest
204,2004-12,32,Chest
205,2005-01,31,Chest
206,2005-02,28,Chest
207,2005-03,30,Chest
208,2005-04,30,Chest
209,2005-05,33,Chest
210,2005-06,28,Chest
211,2005-07,30,Chest
212,2005-08,31,Chest
213,2005-09,32,Chest
214,2005-10,28,Chest
215,2005-11,32,Chest
216,2005-12,28,Chest
217,2006-01,31,Chest
218,2006-02,29,Chest
219,2006-03,34,Chest
220,2006-04,29,Chest
221,2006-05,30,Chest
222,2006-06,29,Chest
223,2006-07,32,Chest
224,2006-08,30,Chest
225,2006-09,31,Chest
226,2006-10,31,Chest
227,2006-11,30,Chest
228,2006-12,28,Chest
229,2007-01,30,Chest
230,2007-02,31,Chest
231,2007-03,30,Chest
232,2007-04,26,Chest
233,2007-05,27,Chest
234,2007-06,28,Chest
235,2007-07,30,Chest
236,2007-08,29,Chest
237,2007-09,30,Chest
238,2007-10,34,Chest
239,2007-11,31,Chest
240,2007-12,31,Chest
241,2008-01,33,Chest
242,2008-02,36,Chest
243,2008-03,32,Chest
244,2008-04,32,Chest
245,2008-05,30,Chest
246,2008-06,32,Chest
247,2008-07,32,Chest
248,2008-08,31,Chest
249,2008-09,33,Chest
250,2008-10,34,Chest
251,2008-11,36,Chest
252,2008-12,33,Chest
253,2009-01,37,Chest
254,2009-02,39,Chest
255,2009-03,39,Chest
256,2009-04,35,Chest
257,2009-05,36,Chest
258,2009-06,35,Chest
259,2009-07,39,Chest
260,2009-08,34,Chest
261,2009-09,38,Chest
262,2009-10,48,Chest
263,2009-11,40,Chest
264,2009-12,37,Chest
265,2010-01,40,Chest
266,2010-02,43,Chest
267,2010-03,39,Chest
268,2010-04,37,Chest
269,2010-05,36,Chest
270,2010-06,34,Chest
271,2010-07,36,Chest
272,2010-08,40,Chest
273,2010-09,39,Chest
274,2010-10,38,Chest
275,2010-11,38,Chest
276,2010-12,35,Chest
277,2011-01,46,Chest
278,2011-02,48,Chest
279,2011-03,50,Chest
280,2011-04,44,Chest
281,2011-05,44,Chest
282,2011-06,44,Chest
283,2011-07,47,Chest
284,2011-08,47,Chest
285,2011-09,49,Chest
286,2011-10,52,Chest
287,2011-11,50,Chest
288,2011-12,51,Chest
289,2012-01,59,Chest
290,2012-02,62,Chest
291,2012-03,55,Chest
292,2012-04,54,Chest
293,2012-05,54,Chest
294,2012-06,51,Chest
295,2012-07,56,Chest
296,2012-08,56,Chest
297,2012-09,57,Chest
298,2012-10,58,Chest
299,2012-11,56,Chest
300,2012-12,54,Chest
301,2013-01,62,Chest
302,2013-02,56,Chest
303,2013-03,61,Chest
304,2013-04,58,Chest
305,2013-05,53,Chest
306,2013-06,57,Chest
307,2013-07,57,Chest
308,2013-08,57,Chest
309,2013-09,56,Chest
310,2013-10,57,Chest
311,2013-11,57,Chest
312,2013-12,57,Chest
313,2014-01,61,Chest
314,2014-02,63,Chest
315,2014-03,59,Chest
316,2014-04,61,Chest
317,2014-05,60,Chest
318,2014-06,59,Chest
319,2014-07,61,Chest
320,2014-08,59,Chest
321,2014-09,60,Chest
322,2014-10,61,Chest
323,2014-11,59,Chest
324,2014-12,64,Chest
325,2015-01,64,Chest
326,2015-02,65,Chest
327,2015-03,67,Chest
328,2015-04,64,Chest
329,2015-05,58,Chest
330,2015-06,62,Chest
331,2015-07,65,Chest
332,2015-08,63,Chest
333,2015-09,63,Chest
334,2015-10,66,Chest
335,2015-11,65,Chest
336,2015-12,62,Chest
337,2016-01,72,Chest
338,2016-02,73,Chest
339,2016-03,77,Chest
340,2016-04,66,Chest
341,2016-05,67,Chest
342,2016-06,65,Chest
343,2016-07,66,Chest
344,2016-08,63,Chest
345,2016-09,69,Chest
346,2016-10,71,Chest
347,2016-11,66,Chest
348,2016-12,73,Chest
349,2017-01,80,Chest
350,2017-02,79,Chest
351,2017-03,75,Chest
352,2017-04,73,Chest
353,2017-05,75,Chest
354,2017-06,76,Chest
355,2017-07,79,Chest
356,2017-08,79,Chest
357,2017-09,79,Chest
358,2017-10,82,Chest
359,2017-11,83,Chest
360,2017-12,81,Chest
361,2018-01,90,Chest
362,2018-02,100,Chest
363,2018-03,90,Chest
364,2018-04,89,Chest
365,2018-05,83,Chest
366,2018-06,82,Chest
367,2018-07,88,Chest
368,2018-08,84,Chest
369,2018-09,85,Chest
370,2018-10,84,Chest
371,2018-11,89,Chest
372,2018-12,88,Chest
373,2019-01,91,Chest
374,2019-02,95,Chest
375,2019-03,91,Chest
376,2019-04,88,Chest
377,2019-05,82,Chest
378,2019-06,81,Chest
379,2019-07,84,Chest
380,2019-08,83,Chest
381,2019-09,85,Chest
382,2019-10,89,Chest
383,2019-11,88,Chest
384,2019-12,89,Chest
385,2004-01,82,Cholesterol
386,2004-02,85,Cholesterol
387,2004-03,92,Cholesterol
388,2004-04,88,Cholesterol
389,2004-05,85,Cholesterol
390,2004-06,80,Cholesterol
391,2004-07,100,Cholesterol
392,2004-08,92,Cholesterol
393,2004-09,100,Cholesterol
394,2004-10,81,Cholesterol
395,2004-11,90,Cholesterol
396,2004-12,75,Cholesterol
397,2005-01,90,Cholesterol
398,2005-02,90,Cholesterol
399,2005-03,80,Cholesterol
400,2005-04,84,Cholesterol
401,2005-05,81,Cholesterol
402,2005-06,69,Cholesterol
403,2005-07,74,Cholesterol
404,2005-08,79,Cholesterol
405,2005-09,79,Cholesterol
406,2005-10,78,Cholesterol
407,2005-11,70,Cholesterol
408,2005-12,64,Cholesterol
409,2006-01,71,Cholesterol
410,2006-02,75,Cholesterol
411,2006-03,75,Cholesterol
412,2006-04,69,Cholesterol
413,2006-05,68,Cholesterol
414,2006-06,67,Cholesterol
415,2006-07,62,Cholesterol
416,2006-08,68,Cholesterol
417,2006-09,74,Cholesterol
418,2006-10,75,Cholesterol
419,2006-11,63,Cholesterol
420,2006-12,62,Cholesterol
421,2007-01,73,Cholesterol
422,2007-02,76,Cholesterol
423,2007-03,74,Cholesterol
424,2007-04,73,Cholesterol
425,2007-05,69,Cholesterol
426,2007-06,72,Cholesterol
427,2007-07,69,Cholesterol
428,2007-08,74,Cholesterol
429,2007-09,80,Cholesterol
430,2007-10,86,Cholesterol
431,2007-11,81,Cholesterol
432,2007-12,68,Cholesterol
433,2008-01,84,Cholesterol
434,2008-02,76,Cholesterol
435,2008-03,74,Cholesterol
436,2008-04,74,Cholesterol
437,2008-05,62,Cholesterol
438,2008-06,68,Cholesterol
439,2008-07,72,Cholesterol
440,2008-08,68,Cholesterol
441,2008-09,69,Cholesterol
442,2008-10,74,Cholesterol
443,2008-11,76,Cholesterol
444,2008-12,61,Cholesterol
445,2009-01,73,Cholesterol
446,2009-02,75,Cholesterol
447,2009-03,75,Cholesterol
448,2009-04,74,Cholesterol
449,2009-05,67,Cholesterol
450,2009-06,72,Cholesterol
451,2009-07,72,Cholesterol
452,2009-08,71,Cholesterol
453,2009-09,77,Cholesterol
454,2009-10,77,Cholesterol
455,2009-11,75,Cholesterol
456,2009-12,62,Cholesterol
457,2010-01,72,Cholesterol
458,2010-02,75,Cholesterol
459,2010-03,78,Cholesterol
460,2010-04,72,Cholesterol
461,2010-05,65,Cholesterol
462,2010-06,64,Cholesterol
463,2010-07,62,Cholesterol
464,2010-08,62,Cholesterol
465,2010-09,69,Cholesterol
466,2010-10,73,Cholesterol
467,2010-11,68,Cholesterol
468,2010-12,57,Cholesterol
469,2011-01,66,Cholesterol
470,2011-02,71,Cholesterol
471,2011-03,75,Cholesterol
472,2011-04,66,Cholesterol
473,2011-05,60,Cholesterol
474,2011-06,62,Cholesterol
475,2011-07,59,Cholesterol
476,2011-08,61,Cholesterol
477,2011-09,67,Cholesterol
478,2011-10,68,Cholesterol
479,2011-11,65,Cholesterol
480,2011-12,58,Cholesterol
481,2012-01,68,Cholesterol
482,2012-02,71,Cholesterol
483,2012-03,70,Cholesterol
484,2012-04,66,Cholesterol
485,2012-05,64,Cholesterol
486,2012-06,61,Cholesterol
487,2012-07,59,Cholesterol
488,2012-08,62,Cholesterol
489,2012-09,64,Cholesterol
490,2012-10,67,Cholesterol
491,2012-11,63,Cholesterol
492,2012-12,54,Cholesterol
493,2013-01,62,Cholesterol
494,2013-02,67,Cholesterol
495,2013-03,67,Cholesterol
496,2013-04,68,Cholesterol
497,2013-05,60,Cholesterol
498,2013-06,58,Cholesterol
499,2013-07,60,Cholesterol
500,2013-08,60,Cholesterol
501,2013-09,68,Cholesterol
502,2013-10,70,Cholesterol
503,2013-11,75,Cholesterol
504,2013-12,56,Cholesterol
505,2014-01,63,Cholesterol
506,2014-02,66,Cholesterol
507,2014-03,68,Cholesterol
508,2014-04,67,Cholesterol
509,2014-05,63,Cholesterol
510,2014-06,60,Cholesterol
511,2014-07,60,Cholesterol
512,2014-08,58,Cholesterol
513,2014-09,64,Cholesterol
514,2014-10,69,Cholesterol
515,2014-11,63,Cholesterol
516,2014-12,56,Cholesterol
517,2015-01,62,Cholesterol
518,2015-02,68,Cholesterol
519,2015-03,67,Cholesterol
520,2015-04,62,Cholesterol
521,2015-05,57,Cholesterol
522,2015-06,62,Cholesterol
523,2015-07,61,Cholesterol
524,2015-08,58,Cholesterol
525,2015-09,67,Cholesterol
526,2015-10,70,Cholesterol
527,2015-11,66,Cholesterol
528,2015-12,57,Cholesterol
529,2016-01,60,Cholesterol
530,2016-02,65,Cholesterol
531,2016-03,68,Cholesterol
532,2016-04,69,Cholesterol
533,2016-05,60,Cholesterol
534,2016-06,59,Cholesterol
535,2016-07,56,Cholesterol
536,2016-08,59,Cholesterol
537,2016-09,63,Cholesterol
538,2016-10,65,Cholesterol
539,2016-11,60,Cholesterol
540,2016-12,50,Cholesterol
541,2017-01,62,Cholesterol
542,2017-02,66,Cholesterol
543,2017-03,70,Cholesterol
544,2017-04,65,Cholesterol
545,2017-05,61,Cholesterol
546,2017-06,63,Cholesterol
547,2017-07,61,Cholesterol
548,2017-08,65,Cholesterol
549,2017-09,67,Cholesterol
550,2017-10,73,Cholesterol
551,2017-11,70,Cholesterol
552,2017-12,57,Cholesterol
553,2018-01,71,Cholesterol
554,2018-02,75,Cholesterol
555,2018-03,74,Cholesterol
556,2018-04,77,Cholesterol
557,2018-05,64,Cholesterol
558,2018-06,67,Cholesterol
559,2018-07,68,Cholesterol
560,2018-08,67,Cholesterol
561,2018-09,76,Cholesterol
562,2018-10,76,Cholesterol
563,2018-11,74,Cholesterol
564,2018-12,64,Cholesterol
565,2019-01,77,Cholesterol
566,2019-02,83,Cholesterol
567,2019-03,90,Cholesterol
568,2019-04,84,Cholesterol
569,2019-05,76,Cholesterol
570,2019-06,75,Cholesterol
571,2019-07,73,Cholesterol
572,2019-08,78,Cholesterol
573,2019-09,80,Cholesterol
574,2019-10,84,Cholesterol
575,2019-11,80,Cholesterol
576,2019-12,70,Cholesterol
577,2004-01,60,Cigarette
578,2004-02,62,Cigarette
579,2004-03,59,Cigarette
580,2004-04,63,Cigarette
581,2004-05,64,Cigarette
582,2004-06,52,Cigarette
583,2004-07,56,Cigarette
584,2004-08,54,Cigarette
585,2004-09,58,Cigarette
586,2004-10,61,Cigarette
587,2004-11,70,Cigarette
588,2004-12,55,Cigarette
589,2005-01,56,Cigarette
590,2005-02,54,Cigarette
591,2005-03,60,Cigarette
592,2005-04,59,Cigarette
593,2005-05,56,Cigarette
594,2005-06,49,Cigarette
595,2005-07,53,Cigarette
596,2005-08,51,Cigarette
597,2005-09,46,Cigarette
598,2005-10,50,Cigarette
599,2005-11,50,Cigarette
600,2005-12,45,Cigarette
601,2006-01,42,Cigarette
602,2006-02,43,Cigarette
603,2006-03,45,Cigarette
604,2006-04,46,Cigarette
605,2006-05,46,Cigarette
606,2006-06,40,Cigarette
607,2006-07,41,Cigarette
608,2006-08,40,Cigarette
609,2006-09,40,Cigarette
610,2006-10,43,Cigarette
611,2006-11,43,Cigarette
612,2006-12,41,Cigarette
613,2007-01,43,Cigarette
614,2007-02,39,Cigarette
615,2007-03,40,Cigarette
616,2007-04,41,Cigarette
617,2007-05,40,Cigarette
618,2007-06,37,Cigarette
619,2007-07,39,Cigarette
620,2007-08,35,Cigarette
621,2007-09,38,Cigarette
622,2007-10,47,Cigarette
623,2007-11,42,Cigarette
624,2007-12,38,Cigarette
625,2008-01,41,Cigarette
626,2008-02,39,Cigarette
627,2008-03,41,Cigarette
628,2008-04,44,Cigarette
629,2008-05,44,Cigarette
630,2008-06,43,Cigarette
631,2008-07,45,Cigarette
632,2008-08,39,Cigarette
633,2008-09,44,Cigarette
634,2008-10,51,Cigarette
635,2008-11,50,Cigarette
636,2008-12,50,Cigarette
637,2009-01,50,Cigarette
638,2009-02,56,Cigarette
639,2009-03,89,Cigarette
640,2009-04,84,Cigarette
641,2009-05,66,Cigarette
642,2009-06,71,Cigarette
643,2009-07,69,Cigarette
644,2009-08,62,Cigarette
645,2009-09,78,Cigarette
646,2009-10,75,Cigarette
647,2009-11,70,Cigarette
648,2009-12,70,Cigarette
649,2010-01,77,Cigarette
650,2010-02,65,Cigarette
651,2010-03,67,Cigarette
652,2010-04,68,Cigarette
653,2010-05,75,Cigarette
654,2010-06,75,Cigarette
655,2010-07,72,Cigarette
656,2010-08,67,Cigarette
657,2010-09,72,Cigarette
658,2010-10,77,Cigarette
659,2010-11,72,Cigarette
660,2010-12,70,Cigarette
661,2011-01,80,Cigarette
662,2011-02,76,Cigarette
663,2011-03,77,Cigarette
664,2011-04,73,Cigarette
665,2011-05,69,Cigarette
666,2011-06,77,Cigarette
667,2011-07,75,Cigarette
668,2011-08,72,Cigarette
669,2011-09,76,Cigarette
670,2011-10,76,Cigarette
671,2011-11,74,Cigarette
672,2011-12,73,Cigarette
673,2012-01,80,Cigarette
674,2012-02,78,Cigarette
675,2012-03,72,Cigarette
676,2012-04,73,Cigarette
677,2012-05,76,Cigarette
678,2012-06,72,Cigarette
679,2012-07,74,Cigarette
680,2012-08,74,Cigarette
681,2012-09,74,Cigarette
682,2012-10,72,Cigarette
683,2012-11,72,Cigarette
684,2012-12,76,Cigarette
685,2013-01,83,Cigarette
686,2013-02,81,Cigarette
687,2013-03,83,Cigarette
688,2013-04,93,Cigarette
689,2013-05,87,Cigarette
690,2013-06,92,Cigarette
691,2013-07,96,Cigarette
692,2013-08,96,Cigarette
693,2013-09,97,Cigarette
694,2013-10,89,Cigarette
695,2013-11,94,Cigarette
696,2013-12,90,Cigarette
697,2014-01,100,Cigarette
698,2014-02,96,Cigarette
699,2014-03,94,Cigarette
700,2014-04,91,Cigarette
701,2014-05,88,Cigarette
702,2014-06,81,Cigarette
703,2014-07,85,Cigarette
704,2014-08,78,Cigarette
705,2014-09,78,Cigarette
706,2014-10,78,Cigarette
707,2014-11,74,Cigarette
708,2014-12,81,Cigarette
709,2015-01,73,Cigarette
710,2015-02,72,Cigarette
711,2015-03,70,Cigarette
712,2015-04,71,Cigarette
713,2015-05,67,Cigarette
714,2015-06,68,Cigarette
715,2015-07,69,Cigarette
716,2015-08,67,Cigarette
717,2015-09,66,Cigarette
718,2015-10,67,Cigarette
719,2015-11,66,Cigarette
720,2015-12,65,Cigarette
721,2016-01,66,Cigarette
722,2016-02,62,Cigarette
723,2016-03,63,Cigarette
724,2016-04,65,Cigarette
725,2016-05,65,Cigarette
726,2016-06,63,Cigarette
727,2016-07,64,Cigarette
728,2016-08,58,Cigarette
729,2016-09,62,Cigarette
730,2016-10,62,Cigarette
731,2016-11,69,Cigarette
732,2016-12,63,Cigarette
733,2017-01,61,Cigarette
734,2017-02,63,Cigarette
735,2017-03,68,Cigarette
736,2017-04,72,Cigarette
737,2017-05,68,Cigarette
738,2017-06,69,Cigarette
739,2017-07,74,Cigarette
740,2017-08,67,Cigarette
741,2017-09,62,Cigarette
742,2017-10,68,Cigarette
743,2017-11,66,Cigarette
744,2017-12,62,Cigarette
745,2018-01,64,Cigarette
746,2018-02,63,Cigarette
747,2018-03,62,Cigarette
748,2018-04,62,Cigarette
749,2018-05,63,Cigarette
750,2018-06,63,Cigarette
751,2018-07,64,Cigarette
752,2018-08,69,Cigarette
753,2018-09,61,Cigarette
754,2018-10,64,Cigarette
755,2018-11,68,Cigarette
756,2018-12,64,Cigarette
757,2019-01,63,Cigarette
758,2019-02,64,Cigarette
759,2019-03,64,Cigarette
760,2019-04,60,Cigarette
761,2019-05,62,Cigarette
762,2019-06,68,Cigarette
763,2019-07,67,Cigarette
764,2019-08,65,Cigarette
765,2019-09,70,Cigarette
766,2019-10,66,Cigarette
767,2019-11,59,Cigarette
768,2019-12,61,Cigarette
769,2004-01,62,Cocaine
770,2004-02,70,Cocaine
771,2004-03,74,Cocaine
772,2004-04,78,Cocaine
773,2004-05,68,Cocaine
774,2004-06,55,Cocaine
775,2004-07,76,Cocaine
776,2004-08,58,Cocaine
777,2004-09,62,Cocaine
778,2004-10,75,Cocaine
779,2004-11,75,Cocaine
780,2004-12,66,Cocaine
781,2005-01,63,Cocaine
782,2005-02,65,Cocaine
783,2005-03,71,Cocaine
784,2005-04,74,Cocaine
785,2005-05,78,Cocaine
786,2005-06,54,Cocaine
787,2005-07,54,Cocaine
788,2005-08,54,Cocaine
789,2005-09,100,Cocaine
790,2005-10,78,Cocaine
791,2005-11,77,Cocaine
792,2005-12,71,Cocaine
793,2006-01,69,Cocaine
794,2006-02,66,Cocaine
795,2006-03,68,Cocaine
796,2006-04,69,Cocaine
797,2006-05,70,Cocaine
798,2006-06,53,Cocaine
799,2006-07,59,Cocaine
800,2006-08,52,Cocaine
801,2006-09,63,Cocaine
802,2006-10,71,Cocaine
803,2006-11,63,Cocaine
804,2006-12,62,Cocaine
805,2007-01,61,Cocaine
806,2007-02,67,Cocaine
807,2007-03,58,Cocaine
808,2007-04,60,Cocaine
809,2007-05,80,Cocaine
810,2007-06,57,Cocaine
811,2007-07,51,Cocaine
812,2007-08,47,Cocaine
813,2007-09,53,Cocaine
814,2007-10,63,Cocaine
815,2007-11,65,Cocaine
816,2007-12,62,Cocaine
817,2008-01,58,Cocaine
818,2008-02,59,Cocaine
819,2008-03,61,Cocaine
820,2008-04,61,Cocaine
821,2008-05,61,Cocaine
822,2008-06,50,Cocaine
823,2008-07,48,Cocaine
824,2008-08,43,Cocaine
825,2008-09,47,Cocaine
826,2008-10,52,Cocaine
827,2008-11,51,Cocaine
828,2008-12,50,Cocaine
829,2009-01,43,Cocaine
830,2009-02,49,Cocaine
831,2009-03,55,Cocaine
832,2009-04,53,Cocaine
833,2009-05,61,Cocaine
834,2009-06,50,Cocaine
835,2009-07,42,Cocaine
836,2009-08,51,Cocaine
837,2009-09,46,Cocaine
838,2009-10,51,Cocaine
839,2009-11,49,Cocaine
840,2009-12,49,Cocaine
841,2010-01,44,Cocaine
842,2010-02,44,Cocaine
843,2010-03,48,Cocaine
844,2010-04,50,Cocaine
845,2010-05,50,Cocaine
846,2010-06,40,Cocaine
847,2010-07,47,Cocaine
848,2010-08,51,Cocaine
849,2010-09,56,Cocaine
850,2010-10,57,Cocaine
851,2010-11,56,Cocaine
852,2010-12,52,Cocaine
853,2011-01,55,Cocaine
854,2011-02,59,Cocaine
855,2011-03,65,Cocaine
856,2011-04,54,Cocaine
857,2011-05,54,Cocaine
858,2011-06,55,Cocaine
859,2011-07,53,Cocaine
860,2011-08,52,Cocaine
861,2011-09,55,Cocaine
862,2011-10,56,Cocaine
863,2011-11,57,Cocaine
864,2011-12,62,Cocaine
865,2012-01,57,Cocaine
866,2012-02,63,Cocaine
867,2012-03,59,Cocaine
868,2012-04,64,Cocaine
869,2012-05,58,Cocaine
870,2012-06,47,Cocaine
871,2012-07,50,Cocaine
872,2012-08,48,Cocaine
873,2012-09,52,Cocaine
874,2012-10,50,Cocaine
875,2012-11,49,Cocaine
876,2012-12,51,Cocaine
877,2013-01,50,Cocaine
878,2013-02,54,Cocaine
879,2013-03,52,Cocaine
880,2013-04,55,Cocaine
881,2013-05,58,Cocaine
882,2013-06,52,Cocaine
883,2013-07,54,Cocaine
884,2013-08,51,Cocaine
885,2013-09,56,Cocaine
886,2013-10,57,Cocaine
887,2013-11,60,Cocaine
888,2013-12,54,Cocaine
889,2014-01,62,Cocaine
890,2014-02,61,Cocaine
891,2014-03,61,Cocaine
892,2014-04,61,Cocaine
893,2014-05,63,Cocaine
894,2014-06,56,Cocaine
895,2014-07,54,Cocaine
896,2014-08,57,Cocaine
897,2014-09,56,Cocaine
898,2014-10,56,Cocaine
899,2014-11,57,Cocaine
900,2014-12,61,Cocaine
901,2015-01,65,Cocaine
902,2015-02,59,Cocaine
903,2015-03,61,Cocaine
904,2015-04,64,Cocaine
905,2015-05,59,Cocaine
906,2015-06,60,Cocaine
907,2015-07,60,Cocaine
908,2015-08,56,Cocaine
909,2015-09,63,Cocaine
910,2015-10,69,Cocaine
911,2015-11,60,Cocaine
912,2015-12,63,Cocaine
913,2016-01,68,Cocaine
914,2016-02,71,Cocaine
915,2016-03,72,Cocaine
916,2016-04,68,Cocaine
917,2016-05,67,Cocaine
918,2016-06,64,Cocaine
919,2016-07,65,Cocaine
920,2016-08,59,Cocaine
921,2016-09,77,Cocaine
922,2016-10,75,Cocaine
923,2016-11,73,Cocaine
924,2016-12,81,Cocaine
925,2017-01,75,Cocaine
926,2017-02,80,Cocaine
927,2017-03,82,Cocaine
928,2017-04,86,Cocaine
929,2017-05,87,Cocaine
930,2017-06,80,Cocaine
931,2017-07,86,Cocaine
932,2017-08,77,Cocaine
933,2017-09,78,Cocaine
934,2017-10,96,Cocaine
935,2017-11,85,Cocaine
936,2017-12,80,Cocaine
937,2018-01,83,Cocaine
938,2018-02,84,Cocaine
939,2018-03,89,Cocaine
940,2018-04,80,Cocaine
941,2018-05,77,Cocaine
942,2018-06,79,Cocaine
943,2018-07,79,Cocaine
944,2018-08,81,Cocaine
945,2018-09,78,Cocaine
946,2018-10,75,Cocaine
947,2018-11,76,Cocaine
948,2018-12,84,Cocaine
949,2019-01,75,Cocaine
950,2019-02,78,Cocaine
951,2019-03,80,Cocaine
952,2019-04,77,Cocaine
953,2019-05,77,Cocaine
954,2019-06,79,Cocaine
955,2019-07,80,Cocaine
956,2019-08,75,Cocaine
957,2019-09,78,Cocaine
958,2019-10,74,Cocaine
959,2019-11,72,Cocaine
960,2019-12,82,Cocaine
961,2004-01,100,Diet
962,2004-02,76,Diet
963,2004-03,71,Diet
964,2004-04,70,Diet
965,2004-05,72,Diet
966,2004-06,63,Diet
967,2004-07,62,Diet
968,2004-08,54,Diet
969,2004-09,55,Diet
970,2004-10,50,Diet
971,2004-11,51,Diet
972,2004-12,43,Diet
973,2005-01,64,Diet
974,2005-02,55,Diet
975,2005-03,57,Diet
976,2005-04,59,Diet
977,2005-05,57,Diet
978,2005-06,54,Diet
979,2005-07,55,Diet
980,2005-08,49,Diet
981,2005-09,46,Diet
982,2005-10,47,Diet
983,2005-11,44,Diet
984,2005-12,40,Diet
985,2006-01,66,Diet
986,2006-02,52,Diet
987,2006-03,55,Diet
988,2006-04,54,Diet
989,2006-05,53,Diet
990,2006-06,52,Diet
991,2006-07,51,Diet
992,2006-08,47,Diet
993,2006-09,46,Diet
994,2006-10,44,Diet
995,2006-11,45,Diet
996,2006-12,38,Diet
997,2007-01,61,Diet
998,2007-02,55,Diet
999,2007-03,54,Diet
1000,2007-04,55,Diet
1001,2007-05,52,Diet
1002,2007-06,56,Diet
1003,2007-07,53,Diet
1004,2007-08,46,Diet
1005,2007-09,50,Diet
1006,2007-10,48,Diet
1007,2007-11,43,Diet
1008,2007-12,41,Diet
1009,2008-01,63,Diet
1010,2008-02,51,Diet
1011,2008-03,54,Diet
1012,2008-04,56,Diet
1013,2008-05,49,Diet
1014,2008-06,49,Diet
1015,2008-07,53,Diet
1016,2008-08,52,Diet
1017,2008-09,47,Diet
1018,2008-10,48,Diet
1019,2008-11,46,Diet
1020,2008-12,44,Diet
1021,2009-01,60,Diet
1022,2009-02,56,Diet
1023,2009-03,55,Diet
1024,2009-04,56,Diet
1025,2009-05,54,Diet
1026,2009-06,52,Diet
1027,2009-07,52,Diet
1028,2009-08,52,Diet
1029,2009-09,49,Diet
1030,2009-10,50,Diet
1031,2009-11,45,Diet
1032,2009-12,44,Diet
1033,2010-01,65,Diet
1034,2010-02,56,Diet
1035,2010-03,57,Diet
1036,2010-04,55,Diet
1037,2010-05,56,Diet
1038,2010-06,51,Diet
1039,2010-07,49,Diet
1040,2010-08,50,Diet
1041,2010-09,48,Diet
1042,2010-10,48,Diet
1043,2010-11,44,Diet
1044,2010-12,39,Diet
1045,2011-01,66,Diet
1046,2011-02,61,Diet
1047,2011-03,60,Diet
1048,2011-04,61,Diet
1049,2011-05,58,Diet
1050,2011-06,54,Diet
1051,2011-07,55,Diet
1052,2011-08,52,Diet
1053,2011-09,51,Diet
1054,2011-10,51,Diet
1055,2011-11,50,Diet
1056,2011-12,45,Diet
1057,2012-01,71,Diet
1058,2012-02,63,Diet
1059,2012-03,61,Diet
1060,2012-04,64,Diet
1061,2012-05,57,Diet
1062,2012-06,58,Diet
1063,2012-07,59,Diet
1064,2012-08,56,Diet
1065,2012-09,50,Diet
1066,2012-10,49,Diet
1067,2012-11,45,Diet
1068,2012-12,45,Diet
1069,2013-01,65,Diet
1070,2013-02,65,Diet
1071,2013-03,65,Diet
1072,2013-04,63,Diet
1073,2013-05,60,Diet
1074,2013-06,59,Diet
1075,2013-07,56,Diet
1076,2013-08,52,Diet
1077,2013-09,49,Diet
1078,2013-10,48,Diet
1079,2013-11,46,Diet
1080,2013-12,44,Diet
1081,2014-01,62,Diet
1082,2014-02,57,Diet
1083,2014-03,60,Diet
1084,2014-04,55,Diet
1085,2014-05,53,Diet
1086,2014-06,51,Diet
1087,2014-07,48,Diet
1088,2014-08,44,Diet
1089,2014-09,45,Diet
1090,2014-10,42,Diet
1091,2014-11,37,Diet
1092,2014-12,38,Diet
1093,2015-01,55,Diet
1094,2015-02,46,Diet
1095,2015-03,51,Diet
1096,2015-04,50,Diet
1097,2015-05,46,Diet
1098,2015-06,49,Diet
1099,2015-07,47,Diet
1100,2015-08,44,Diet
1101,2015-09,41,Diet
1102,2015-10,40,Diet
1103,2015-11,37,Diet
1104,2015-12,36,Diet
1105,2016-01,53,Diet
1106,2016-02,48,Diet
1107,2016-03,50,Diet
1108,2016-04,50,Diet
1109,2016-05,47,Diet
1110,2016-06,46,Diet
1111,2016-07,45,Diet
1112,2016-08,46,Diet
1113,2016-09,40,Diet
1114,2016-10,39,Diet
1115,2016-11,33,Diet
1116,2016-12,34,Diet
1117,2017-01,51,Diet
1118,2017-02,50,Diet
1119,2017-03,50,Diet
1120,2017-04,49,Diet
1121,2017-05,47,Diet
1122,2017-06,45,Diet
1123,2017-07,48,Diet
1124,2017-08,44,Diet
1125,2017-09,42,Diet
1126,2017-10,43,Diet
1127,2017-11,37,Diet
1128,2017-12,39,Diet
1129,2018-01,64,Diet
1130,2018-02,58,Diet
1131,2018-03,56,Diet
1132,2018-04,62,Diet
1133,2018-05,62,Diet
1134,2018-06,55,Diet
1135,2018-07,60,Diet
1136,2018-08,56,Diet
1137,2018-09,50,Diet
1138,2018-10,47,Diet
1139,2018-11,45,Diet
1140,2018-12,47,Diet
1141,2019-01,73,Diet
1142,2019-02,62,Diet
1143,2019-03,58,Diet
1144,2019-04,55,Diet
1145,2019-05,51,Diet
1146,2019-06,50,Diet
1147,2019-07,50,Diet
1148,2019-08,46,Diet
1149,2019-09,43,Diet
1150,2019-10,43,Diet
1151,2019-11,41,Diet
1152,2019-12,39,Diet
1153,2004-01,90,Exercise
1154,2004-02,86,Exercise
1155,2004-03,88,Exercise
1156,2004-04,80,Exercise
1157,2004-05,73,Exercise
1158,2004-06,74,Exercise
1159,2004-07,72,Exercise
1160,2004-08,69,Exercise
1161,2004-09,71,Exercise
1162,2004-10,72,Exercise
1163,2004-11,68,Exercise
1164,2004-12,71,Exercise
1165,2005-01,100,Exercise
1166,2005-02,88,Exercise
1167,2005-03,87,Exercise
1168,2005-04,75,Exercise
1169,2005-05,74,Exercise
1170,2005-06,70,Exercise
1171,2005-07,72,Exercise
1172,2005-08,68,Exercise
1173,2005-09,68,Exercise
1174,2005-10,72,Exercise
1175,2005-11,74,Exercise
1176,2005-12,69,Exercise
1177,2006-01,95,Exercise
1178,2006-02,80,Exercise
1179,2006-03,78,Exercise
1180,2006-04,75,Exercise
1181,2006-05,71,Exercise
1182,2006-06,69,Exercise
1183,2006-07,69,Exercise
1184,2006-08,67,Exercise
1185,2006-09,66,Exercise
1186,2006-10,70,Exercise
1187,2006-11,69,Exercise
1188,2006-12,66,Exercise
1189,2007-01,87,Exercise
1190,2007-02,74,Exercise
1191,2007-03,74,Exercise
1192,2007-04,73,Exercise
1193,2007-05,70,Exercise
1194,2007-06,68,Exercise
1195,2007-07,69,Exercise
1196,2007-08,70,Exercise
1197,2007-09,68,Exercise
1198,2007-10,71,Exercise
1199,2007-11,69,Exercise
1200,2007-12,64,Exercise
1201,2008-01,88,Exercise
1202,2008-02,79,Exercise
1203,2008-03,74,Exercise
1204,2008-04,79,Exercise
1205,2008-05,68,Exercise
1206,2008-06,72,Exercise
1207,2008-07,70,Exercise
1208,2008-08,66,Exercise
1209,2008-09,63,Exercise
1210,2008-10,64,Exercise
1211,2008-11,68,Exercise
1212,2008-12,65,Exercise
1213,2009-01,85,Exercise
1214,2009-02,76,Exercise
1215,2009-03,75,Exercise
1216,2009-04,73,Exercise
1217,2009-05,72,Exercise
1218,2009-06,72,Exercise
1219,2009-07,70,Exercise
1220,2009-08,71,Exercise
1221,2009-09,68,Exercise
1222,2009-10,70,Exercise
1223,2009-11,71,Exercise
1224,2009-12,70,Exercise
1225,2010-01,82,Exercise
1226,2010-02,81,Exercise
1227,2010-03,79,Exercise
1228,2010-04,78,Exercise
1229,2010-05,68,Exercise
1230,2010-06,70,Exercise
1231,2010-07,61,Exercise
1232,2010-08,59,Exercise
1233,2010-09,63,Exercise
1234,2010-10,61,Exercise
1235,2010-11,63,Exercise
1236,2010-12,56,Exercise
1237,2011-01,82,Exercise
1238,2011-02,79,Exercise
1239,2011-03,77,Exercise
1240,2011-04,71,Exercise
1241,2011-05,72,Exercise
1242,2011-06,72,Exercise
1243,2011-07,71,Exercise
1244,2011-08,65,Exercise
1245,2011-09,69,Exercise
1246,2011-10,67,Exercise
1247,2011-11,68,Exercise
1248,2011-12,63,Exercise
1249,2012-01,85,Exercise
1250,2012-02,82,Exercise
1251,2012-03,80,Exercise
1252,2012-04,79,Exercise
1253,2012-05,71,Exercise
1254,2012-06,75,Exercise
1255,2012-07,78,Exercise
1256,2012-08,73,Exercise
1257,2012-09,71,Exercise
1258,2012-10,67,Exercise
1259,2012-11,66,Exercise
1260,2012-12,59,Exercise
1261,2013-01,87,Exercise
1262,2013-02,81,Exercise
1263,2013-03,84,Exercise
1264,2013-04,82,Exercise
1265,2013-05,77,Exercise
1266,2013-06,76,Exercise
1267,2013-07,79,Exercise
1268,2013-08,70,Exercise
1269,2013-09,70,Exercise
1270,2013-10,71,Exercise
1271,2013-11,71,Exercise
1272,2013-12,68,Exercise
1273,2014-01,83,Exercise
1274,2014-02,81,Exercise
1275,2014-03,79,Exercise
1276,2014-04,79,Exercise
1277,2014-05,73,Exercise
1278,2014-06,73,Exercise
1279,2014-07,71,Exercise
1280,2014-08,66,Exercise
1281,2014-09,72,Exercise
1282,2014-10,71,Exercise
1283,2014-11,66,Exercise
1284,2014-12,65,Exercise
1285,2015-01,84,Exercise
1286,2015-02,79,Exercise
1287,2015-03,82,Exercise
1288,2015-04,80,Exercise
1289,2015-05,73,Exercise
1290,2015-06,74,Exercise
1291,2015-07,67,Exercise
1292,2015-08,65,Exercise
1293,2015-09,72,Exercise
1294,2015-10,73,Exercise
1295,2015-11,69,Exercise
1296,2015-12,65,Exercise
1297,2016-01,82,Exercise
1298,2016-02,84,Exercise
1299,2016-03,80,Exercise
1300,2016-04,80,Exercise
1301,2016-05,74,Exercise
1302,2016-06,69,Exercise
1303,2016-07,67,Exercise
1304,2016-08,70,Exercise
1305,2016-09,74,Exercise
1306,2016-10,68,Exercise
1307,2016-11,70,Exercise
1308,2016-12,64,Exercise
1309,2017-01,86,Exercise
1310,2017-02,82,Exercise
1311,2017-03,83,Exercise
1312,2017-04,82,Exercise
1313,2017-05,73,Exercise
1314,2017-06,70,Exercise
1315,2017-07,69,Exercise
1316,2017-08,66,Exercise
1317,2017-09,83,Exercise
1318,2017-10,72,Exercise
1319,2017-11,71,Exercise
1320,2017-12,61,Exercise
1321,2018-01,82,Exercise
1322,2018-02,84,Exercise
1323,2018-03,78,Exercise
1324,2018-04,81,Exercise
1325,2018-05,73,Exercise
1326,2018-06,69,Exercise
1327,2018-07,72,Exercise
1328,2018-08,72,Exercise
1329,2018-09,68,Exercise
1330,2018-10,71,Exercise
1331,2018-11,70,Exercise
1332,2018-12,65,Exercise
1333,2019-01,85,Exercise
1334,2019-02,82,Exercise
1335,2019-03,78,Exercise
1336,2019-04,79,Exercise
1337,2019-05,69,Exercise
1338,2019-06,70,Exercise
1339,2019-07,66,Exercise
1340,2019-08,66,Exercise
1341,2019-09,71,Exercise
1342,2019-10,69,Exercise
1343,2019-11,69,Exercise
1344,2019-12,64,Exercise
1345,2004-01,24,Fast
1346,2004-02,23,Fast
1347,2004-03,25,Fast
1348,2004-04,26,Fast
1349,2004-05,23,Fast
1350,2004-06,18,Fast
1351,2004-07,16,Fast
1352,2004-08,15,Fast
1353,2004-09,18,Fast
1354,2004-10,19,Fast
1355,2004-11,22,Fast
1356,2004-12,18,Fast
1357,2005-01,21,Fast
1358,2005-02,22,Fast
1359,2005-03,22,Fast
1360,2005-04,27,Fast
1361,2005-05,24,Fast
1362,2005-06,17,Fast
1363,2005-07,19,Fast
1364,2005-08,14,Fast
1365,2005-09,17,Fast
1366,2005-10,21,Fast
1367,2005-11,23,Fast
1368,2005-12,16,Fast
1369,2006-01,20,Fast
1370,2006-02,20,Fast
1371,2006-03,21,Fast
1372,2006-04,21,Fast
1373,2006-05,20,Fast
1374,2006-06,16,Fast
1375,2006-07,16,Fast
1376,2006-08,14,Fast
1377,2006-09,17,Fast
1378,2006-10,19,Fast
1379,2006-11,20,Fast
1380,2006-12,17,Fast
1381,2007-01,18,Fast
1382,2007-02,20,Fast
1383,2007-03,20,Fast
1384,2007-04,21,Fast
1385,2007-05,21,Fast
1386,2007-06,17,Fast
1387,2007-07,17,Fast
1388,2007-08,15,Fast
1389,2007-09,18,Fast
1390,2007-10,20,Fast
1391,2007-11,20,Fast
1392,2007-12,16,Fast
1393,2008-01,19,Fast
1394,2008-02,19,Fast
1395,2008-03,19,Fast
1396,2008-04,22,Fast
1397,2008-05,21,Fast
1398,2008-06,17,Fast
1399,2008-07,18,Fast
1400,2008-08,16,Fast
1401,2008-09,17,Fast
1402,2008-10,18,Fast
1403,2008-11,19,Fast
1404,2008-12,17,Fast
1405,2009-01,18,Fast
1406,2009-02,20,Fast
1407,2009-03,21,Fast
1408,2009-04,21,Fast
1409,2009-05,19,Fast
1410,2009-06,19,Fast
1411,2009-07,18,Fast
1412,2009-08,17,Fast
1413,2009-09,19,Fast
1414,2009-10,19,Fast
1415,2009-11,20,Fast
1416,2009-12,17,Fast
1417,2010-01,18,Fast
1418,2010-02,19,Fast
1419,2010-03,21,Fast
1420,2010-04,22,Fast
1421,2010-05,21,Fast
1422,2010-06,17,Fast
1423,2010-07,19,Fast
1424,2010-08,17,Fast
1425,2010-09,20,Fast
1426,2010-10,21,Fast
1427,2010-11,21,Fast
1428,2010-12,18,Fast
1429,2011-01,22,Fast
1430,2011-02,23,Fast
1431,2011-03,26,Fast
1432,2011-04,25,Fast
1433,2011-05,25,Fast
1434,2011-06,28,Fast
1435,2011-07,32,Fast
1436,2011-08,29,Fast
1437,2011-09,32,Fast
1438,2011-10,32,Fast
1439,2011-11,32,Fast
1440,2011-12,29,Fast
1441,2012-01,30,Fast
1442,2012-02,39,Fast
1443,2012-03,98,Fast
1444,2012-04,79,Fast
1445,2012-05,67,Fast
1446,2012-06,100,Fast
1447,2012-07,94,Fast
1448,2012-08,94,Fast
1449,2012-09,83,Fast
1450,2012-10,78,Fast
1451,2012-11,76,Fast
1452,2012-12,74,Fast
1453,2013-01,72,Fast
1454,2013-02,75,Fast
1455,2013-03,73,Fast
1456,2013-04,74,Fast
1457,2013-05,75,Fast
1458,2013-06,75,Fast
1459,2013-07,54,Fast
1460,2013-08,31,Fast
1461,2013-09,26,Fast
1462,2013-10,26,Fast
1463,2013-11,26,Fast
1464,2013-12,25,Fast
1465,2014-01,24,Fast
1466,2014-02,25,Fast
1467,2014-03,30,Fast
1468,2014-04,30,Fast
1469,2014-05,31,Fast
1470,2014-06,29,Fast
1471,2014-07,31,Fast
1472,2014-08,28,Fast
1473,2014-09,30,Fast
1474,2014-10,28,Fast
1475,2014-11,28,Fast
1476,2014-12,28,Fast
1477,2015-01,29,Fast
1478,2015-02,30,Fast
1479,2015-03,32,Fast
1480,2015-04,35,Fast
1481,2015-05,32,Fast
1482,2015-06,36,Fast
1483,2015-07,40,Fast
1484,2015-08,34,Fast
1485,2015-09,34,Fast
1486,2015-10,34,Fast
1487,2015-11,33,Fast
1488,2015-12,33,Fast
1489,2016-01,33,Fast
1490,2016-02,38,Fast
1491,2016-03,38,Fast
1492,2016-04,38,Fast
1493,2016-05,40,Fast
1494,2016-06,44,Fast
1495,2016-07,47,Fast
1496,2016-08,41,Fast
1497,2016-09,41,Fast
1498,2016-10,43,Fast
1499,2016-11,49,Fast
1500,2016-12,52,Fast
1501,2017-01,48,Fast
1502,2017-02,52,Fast
1503,2017-03,58,Fast
1504,2017-04,53,Fast
1505,2017-05,57,Fast
1506,2017-06,65,Fast
1507,2017-07,69,Fast
1508,2017-08,62,Fast
1509,2017-09,59,Fast
1510,2017-10,61,Fast
1511,2017-11,53,Fast
1512,2017-12,59,Fast
1513,2018-01,53,Fast
1514,2018-02,58,Fast
1515,2018-03,66,Fast
1516,2018-04,61,Fast
1517,2018-05,61,Fast
1518,2018-06,70,Fast
1519,2018-07,78,Fast
1520,2018-08,70,Fast
1521,2018-09,65,Fast
1522,2018-10,67,Fast
1523,2018-11,69,Fast
1524,2018-12,74,Fast
1525,2019-01,79,Fast
1526,2019-02,66,Fast
1527,2019-03,68,Fast
1528,2019-04,64,Fast
1529,2019-05,66,Fast
1530,2019-06,73,Fast
1531,2019-07,73,Fast
1532,2019-08,67,Fast
1533,2019-09,60,Fast
1534,2019-10,61,Fast
1535,2019-11,55,Fast
1536,2019-12,59,Fast
1537,2004-01,1,Ketogenic
1538,2004-02,1,Ketogenic
1539,2004-03,1,Ketogenic
1540,2004-04,1,Ketogenic
1541,2004-05,NA,Ketogenic
1542,2004-06,NA,Ketogenic
1543,2004-07,NA,Ketogenic
1544,2004-08,NA,Ketogenic
1545,2004-09,NA,Ketogenic
1546,2004-10,NA,Ketogenic
1547,2004-11,NA,Ketogenic
1548,2004-12,NA,Ketogenic
1549,2005-01,NA,Ketogenic
1550,2005-02,NA,Ketogenic
1551,2005-03,NA,Ketogenic
1552,2005-04,NA,Ketogenic
1553,2005-05,NA,Ketogenic
1554,2005-06,NA,Ketogenic
1555,2005-07,NA,Ketogenic
1556,2005-08,NA,Ketogenic
1557,2005-09,NA,Ketogenic
1558,2005-10,NA,Ketogenic
1559,2005-11,NA,Ketogenic
1560,2005-12,NA,Ketogenic
1561,2006-01,NA,Ketogenic
1562,2006-02,NA,Ketogenic
1563,2006-03,NA,Ketogenic
1564,2006-04,NA,Ketogenic
1565,2006-05,NA,Ketogenic
1566,2006-06,NA,Ketogenic
1567,2006-07,NA,Ketogenic
1568,2006-08,NA,Ketogenic
1569,2006-09,NA,Ketogenic
1570,2006-10,NA,Ketogenic
1571,2006-11,NA,Ketogenic
1572,2006-12,NA,Ketogenic
1573,2007-01,NA,Ketogenic
1574,2007-02,NA,Ketogenic
1575,2007-03,NA,Ketogenic
1576,2007-04,NA,Ketogenic
1577,2007-05,NA,Ketogenic
1578,2007-06,NA,Ketogenic
1579,2007-07,NA,Ketogenic
1580,2007-08,NA,Ketogenic
1581,2007-09,NA,Ketogenic
1582,2007-10,NA,Ketogenic
1583,2007-11,NA,Ketogenic
1584,2007-12,NA,Ketogenic
1585,2008-01,NA,Ketogenic
1586,2008-02,NA,Ketogenic
1587,2008-03,NA,Ketogenic
1588,2008-04,NA,Ketogenic
1589,2008-05,NA,Ketogenic
1590,2008-06,NA,Ketogenic
1591,2008-07,NA,Ketogenic
1592,2008-08,NA,Ketogenic
1593,2008-09,NA,Ketogenic
1594,2008-10,NA,Ketogenic
1595,2008-11,NA,Ketogenic
1596,2008-12,NA,Ketogenic
1597,2009-01,NA,Ketogenic
1598,2009-02,NA,Ketogenic
1599,2009-03,NA,Ketogenic
1600,2009-04,NA,Ketogenic
1601,2009-05,NA,Ketogenic
1602,2009-06,NA,Ketogenic
1603,2009-07,NA,Ketogenic
1604,2009-08,NA,Ketogenic
1605,2009-09,NA,Ketogenic
1606,2009-10,NA,Ketogenic
1607,2009-11,NA,Ketogenic
1608,2009-12,NA,Ketogenic
1609,2010-01,NA,Ketogenic
1610,2010-02,NA,Ketogenic
1611,2010-03,NA,Ketogenic
1612,2010-04,NA,Ketogenic
1613,2010-05,NA,Ketogenic
1614,2010-06,NA,Ketogenic
1615,2010-07,NA,Ketogenic
1616,2010-08,NA,Ketogenic
1617,2010-09,NA,Ketogenic
1618,2010-10,NA,Ketogenic
1619,2010-11,NA,Ketogenic
1620,2010-12,1,Ketogenic
1621,2011-01,NA,Ketogenic
1622,2011-02,NA,Ketogenic
1623,2011-03,NA,Ketogenic
1624,2011-04,1,Ketogenic
1625,2011-05,1,Ketogenic
1626,2011-06,1,Ketogenic
1627,2011-07,1,Ketogenic
1628,2011-08,NA,Ketogenic
1629,2011-09,NA,Ketogenic
1630,2011-10,NA,Ketogenic
1631,2011-11,NA,Ketogenic
1632,2011-12,NA,Ketogenic
1633,2012-01,1,Ketogenic
1634,2012-02,1,Ketogenic
1635,2012-03,1,Ketogenic
1636,2012-04,1,Ketogenic
1637,2012-05,1,Ketogenic
1638,2012-06,1,Ketogenic
1639,2012-07,1,Ketogenic
1640,2012-08,1,Ketogenic
1641,2012-09,1,Ketogenic
1642,2012-10,1,Ketogenic
1643,2012-11,1,Ketogenic
1644,2012-12,1,Ketogenic
1645,2013-01,1,Ketogenic
1646,2013-02,1,Ketogenic
1647,2013-03,1,Ketogenic
1648,2013-04,1,Ketogenic
1649,2013-05,1,Ketogenic
1650,2013-06,1,Ketogenic
1651,2013-07,1,Ketogenic
1652,2013-08,1,Ketogenic
1653,2013-09,1,Ketogenic
1654,2013-10,2,Ketogenic
1655,2013-11,1,Ketogenic
1656,2013-12,1,Ketogenic
1657,2014-01,2,Ketogenic
1658,2014-02,2,Ketogenic
1659,2014-03,2,Ketogenic
1660,2014-04,2,Ketogenic
1661,2014-05,2,Ketogenic
1662,2014-06,2,Ketogenic
1663,2014-07,2,Ketogenic
1664,2014-08,2,Ketogenic
1665,2014-09,2,Ketogenic
1666,2014-10,2,Ketogenic
1667,2014-11,2,Ketogenic
1668,2014-12,2,Ketogenic
1669,2015-01,3,Ketogenic
1670,2015-02,2,Ketogenic
1671,2015-03,3,Ketogenic
1672,2015-04,3,Ketogenic
1673,2015-05,2,Ketogenic
1674,2015-06,2,Ketogenic
1675,2015-07,3,Ketogenic
1676,2015-08,3,Ketogenic
1677,2015-09,3,Ketogenic
1678,2015-10,2,Ketogenic
1679,2015-11,2,Ketogenic
1680,2015-12,2,Ketogenic
1681,2016-01,4,Ketogenic
1682,2016-02,4,Ketogenic
1683,2016-03,4,Ketogenic
1684,2016-04,4,Ketogenic
1685,2016-05,5,Ketogenic
1686,2016-06,5,Ketogenic
1687,2016-07,6,Ketogenic
1688,2016-08,6,Ketogenic
1689,2016-09,6,Ketogenic
1690,2016-10,6,Ketogenic
1691,2016-11,5,Ketogenic
1692,2016-12,6,Ketogenic
1693,2017-01,11,Ketogenic
1694,2017-02,11,Ketogenic
1695,2017-03,13,Ketogenic
1696,2017-04,15,Ketogenic
1697,2017-05,15,Ketogenic
1698,2017-06,18,Ketogenic
1699,2017-07,19,Ketogenic
1700,2017-08,20,Ketogenic
1701,2017-09,19,Ketogenic
1702,2017-10,22,Ketogenic
1703,2017-11,18,Ketogenic
1704,2017-12,20,Ketogenic
1705,2018-01,40,Ketogenic
1706,2018-02,37,Ketogenic
1707,2018-03,37,Ketogenic
1708,2018-04,46,Ketogenic
1709,2018-05,57,Ketogenic
1710,2018-06,60,Ketogenic
1711,2018-07,70,Ketogenic
1712,2018-08,68,Ketogenic
1713,2018-09,56,Ketogenic
1714,2018-10,51,Ketogenic
1715,2018-11,48,Ketogenic
1716,2018-12,47,Ketogenic
1717,2019-01,100,Ketogenic
1718,2019-02,81,Ketogenic
1719,2019-03,72,Ketogenic
1720,2019-04,66,Ketogenic
1721,2019-05,59,Ketogenic
1722,2019-06,60,Ketogenic
1723,2019-07,61,Ketogenic
1724,2019-08,63,Ketogenic
1725,2019-09,57,Ketogenic
1726,2019-10,53,Ketogenic
1727,2019-11,43,Ketogenic
1728,2019-12,37,Ketogenic
1729,2004-01,54,Statin
1730,2004-02,61,Statin
1731,2004-03,87,Statin
1732,2004-04,70,Statin
1733,2004-05,76,Statin
1734,2004-06,95,Statin
1735,2004-07,90,Statin
1736,2004-08,70,Statin
1737,2004-09,77,Statin
1738,2004-10,80,Statin
1739,2004-11,71,Statin
1740,2004-12,68,Statin
1741,2005-01,70,Statin
1742,2005-02,64,Statin
1743,2005-03,64,Statin
1744,2005-04,62,Statin
1745,2005-05,75,Statin
1746,2005-06,64,Statin
1747,2005-07,59,Statin
1748,2005-08,59,Statin
1749,2005-09,48,Statin
1750,2005-10,56,Statin
1751,2005-11,60,Statin
1752,2005-12,48,Statin
1753,2006-01,67,Statin
1754,2006-02,56,Statin
1755,2006-03,66,Statin
1756,2006-04,59,Statin
1757,2006-05,52,Statin
1758,2006-06,55,Statin
1759,2006-07,53,Statin
1760,2006-08,51,Statin
1761,2006-09,51,Statin
1762,2006-10,57,Statin
1763,2006-11,52,Statin
1764,2006-12,46,Statin
1765,2007-01,53,Statin
1766,2007-02,58,Statin
1767,2007-03,53,Statin
1768,2007-04,56,Statin
1769,2007-05,48,Statin
1770,2007-06,51,Statin
1771,2007-07,58,Statin
1772,2007-08,59,Statin
1773,2007-09,56,Statin
1774,2007-10,55,Statin
1775,2007-11,54,Statin
1776,2007-12,51,Statin
1777,2008-01,67,Statin
1778,2008-02,67,Statin
1779,2008-03,51,Statin
1780,2008-04,61,Statin
1781,2008-05,46,Statin
1782,2008-06,56,Statin
1783,2008-07,63,Statin
1784,2008-08,57,Statin
1785,2008-09,48,Statin
1786,2008-10,46,Statin
1787,2008-11,86,Statin
1788,2008-12,56,Statin
1789,2009-01,54,Statin
1790,2009-02,57,Statin
1791,2009-03,62,Statin
1792,2009-04,64,Statin
1793,2009-05,51,Statin
1794,2009-06,52,Statin
1795,2009-07,55,Statin
1796,2009-08,55,Statin
1797,2009-09,53,Statin
1798,2009-10,53,Statin
1799,2009-11,60,Statin
1800,2009-12,45,Statin
1801,2010-01,48,Statin
1802,2010-02,55,Statin
1803,2010-03,57,Statin
1804,2010-04,55,Statin
1805,2010-05,49,Statin
1806,2010-06,51,Statin
1807,2010-07,48,Statin
1808,2010-08,55,Statin
1809,2010-09,46,Statin
1810,2010-10,51,Statin
1811,2010-11,45,Statin
1812,2010-12,39,Statin
1813,2011-01,48,Statin
1814,2011-02,51,Statin
1815,2011-03,53,Statin
1816,2011-04,49,Statin
1817,2011-05,49,Statin
1818,2011-06,53,Statin
1819,2011-07,47,Statin
1820,2011-08,48,Statin
1821,2011-09,47,Statin
1822,2011-10,49,Statin
1823,2011-11,49,Statin
1824,2011-12,42,Statin
1825,2012-01,63,Statin
1826,2012-02,71,Statin
1827,2012-03,81,Statin
1828,2012-04,56,Statin
1829,2012-05,52,Statin
1830,2012-06,53,Statin
1831,2012-07,45,Statin
1832,2012-08,48,Statin
1833,2012-09,46,Statin
1834,2012-10,54,Statin
1835,2012-11,53,Statin
1836,2012-12,45,Statin
1837,2013-01,44,Statin
1838,2013-02,48,Statin
1839,2013-03,55,Statin
1840,2013-04,51,Statin
1841,2013-05,50,Statin
1842,2013-06,54,Statin
1843,2013-07,52,Statin
1844,2013-08,53,Statin
1845,2013-09,53,Statin
1846,2013-10,49,Statin
1847,2013-11,100,Statin
1848,2013-12,57,Statin
1849,2014-01,58,Statin
1850,2014-02,53,Statin
1851,2014-03,60,Statin
1852,2014-04,57,Statin
1853,2014-05,55,Statin
1854,2014-06,51,Statin
1855,2014-07,53,Statin
1856,2014-08,55,Statin
1857,2014-09,62,Statin
1858,2014-10,60,Statin
1859,2014-11,57,Statin
1860,2014-12,48,Statin
1861,2015-01,58,Statin
1862,2015-02,57,Statin
1863,2015-03,62,Statin
1864,2015-04,59,Statin
1865,2015-05,51,Statin
1866,2015-06,64,Statin
1867,2015-07,64,Statin
1868,2015-08,62,Statin
1869,2015-09,58,Statin
1870,2015-10,64,Statin
1871,2015-11,61,Statin
1872,2015-12,55,Statin
1873,2016-01,51,Statin
1874,2016-02,60,Statin
1875,2016-03,55,Statin
1876,2016-04,65,Statin
1877,2016-05,55,Statin
1878,2016-06,55,Statin
1879,2016-07,53,Statin
1880,2016-08,52,Statin
1881,2016-09,54,Statin
1882,2016-10,55,Statin
1883,2016-11,55,Statin
1884,2016-12,47,Statin
1885,2017-01,53,Statin
1886,2017-02,61,Statin
1887,2017-03,61,Statin
1888,2017-04,60,Statin
1889,2017-05,55,Statin
1890,2017-06,55,Statin
1891,2017-07,56,Statin
1892,2017-08,57,Statin
1893,2017-09,55,Statin
1894,2017-10,62,Statin
1895,2017-11,52,Statin
1896,2017-12,50,Statin
1897,2018-01,54,Statin
1898,2018-02,58,Statin
1899,2018-03,64,Statin
1900,2018-04,64,Statin
1901,2018-05,56,Statin
1902,2018-06,58,Statin
1903,2018-07,59,Statin
1904,2018-08,60,Statin
1905,2018-09,58,Statin
1906,2018-10,62,Statin
1907,2018-11,64,Statin
1908,2018-12,56,Statin
1909,2019-01,65,Statin
1910,2019-02,69,Statin
1911,2019-03,70,Statin
1912,2019-04,69,Statin
1913,2019-05,61,Statin
1914,2019-06,61,Statin
1915,2019-07,63,Statin
1916,2019-08,59,Statin
1917,2019-09,64,Statin
1918,2019-10,65,Statin
1919,2019-11,64,Statin
1920,2019-12,58,Statin
1921,2004-01,78,Stress
1922,2004-02,83,Stress
1923,2004-03,95,Stress
1924,2004-04,95,Stress
1925,2004-05,83,Stress
1926,2004-06,72,Stress
1927,2004-07,80,Stress
1928,2004-08,74,Stress
1929,2004-09,96,Stress
1930,2004-10,92,Stress
1931,2004-11,100,Stress
1932,2004-12,86,Stress
1933,2005-01,75,Stress
1934,2005-02,82,Stress
1935,2005-03,82,Stress
1936,2005-04,95,Stress
1937,2005-05,77,Stress
1938,2005-06,70,Stress
1939,2005-07,65,Stress
1940,2005-08,61,Stress
1941,2005-09,75,Stress
1942,2005-10,83,Stress
1943,2005-11,84,Stress
1944,2005-12,69,Stress
1945,2006-01,65,Stress
1946,2006-02,78,Stress
1947,2006-03,85,Stress
1948,2006-04,88,Stress
1949,2006-05,79,Stress
1950,2006-06,58,Stress
1951,2006-07,59,Stress
1952,2006-08,58,Stress
1953,2006-09,74,Stress
1954,2006-10,83,Stress
1955,2006-11,78,Stress
1956,2006-12,61,Stress
1957,2007-01,67,Stress
1958,2007-02,77,Stress
1959,2007-03,76,Stress
1960,2007-04,76,Stress
1961,2007-05,70,Stress
1962,2007-06,64,Stress
1963,2007-07,60,Stress
1964,2007-08,62,Stress
1965,2007-09,70,Stress
1966,2007-10,84,Stress
1967,2007-11,82,Stress
1968,2007-12,65,Stress
1969,2008-01,63,Stress
1970,2008-02,76,Stress
1971,2008-03,74,Stress
1972,2008-04,82,Stress
1973,2008-05,74,Stress
1974,2008-06,61,Stress
1975,2008-07,62,Stress
1976,2008-08,57,Stress
1977,2008-09,68,Stress
1978,2008-10,80,Stress
1979,2008-11,77,Stress
1980,2008-12,65,Stress
1981,2009-01,63,Stress
1982,2009-02,82,Stress
1983,2009-03,79,Stress
1984,2009-04,87,Stress
1985,2009-05,78,Stress
1986,2009-06,64,Stress
1987,2009-07,60,Stress
1988,2009-08,60,Stress
1989,2009-09,73,Stress
1990,2009-10,82,Stress
1991,2009-11,78,Stress
1992,2009-12,68,Stress
1993,2010-01,63,Stress
1994,2010-02,77,Stress
1995,2010-03,80,Stress
1996,2010-04,79,Stress
1997,2010-05,71,Stress
1998,2010-06,62,Stress
1999,2010-07,61,Stress
2000,2010-08,59,Stress
2001,2010-09,73,Stress
2002,2010-10,76,Stress
2003,2010-11,73,Stress
2004,2010-12,63,Stress
2005,2011-01,69,Stress
2006,2011-02,78,Stress
2007,2011-03,82,Stress
2008,2011-04,80,Stress
2009,2011-05,72,Stress
2010,2011-06,66,Stress
2011,2011-07,63,Stress
2012,2011-08,64,Stress
2013,2011-09,76,Stress
2014,2011-10,78,Stress
2015,2011-11,77,Stress
2016,2011-12,67,Stress
2017,2012-01,66,Stress
2018,2012-02,77,Stress
2019,2012-03,78,Stress
2020,2012-04,78,Stress
2021,2012-05,72,Stress
2022,2012-06,61,Stress
2023,2012-07,60,Stress
2024,2012-08,68,Stress
2025,2012-09,73,Stress
2026,2012-10,78,Stress
2027,2012-11,73,Stress
2028,2012-12,64,Stress
2029,2013-01,64,Stress
2030,2013-02,78,Stress
2031,2013-03,73,Stress
2032,2013-04,82,Stress
2033,2013-05,72,Stress
2034,2013-06,62,Stress
2035,2013-07,61,Stress
2036,2013-08,65,Stress
2037,2013-09,76,Stress
2038,2013-10,81,Stress
2039,2013-11,76,Stress
2040,2013-12,66,Stress
2041,2014-01,66,Stress
2042,2014-02,79,Stress
2043,2014-03,77,Stress
2044,2014-04,80,Stress
2045,2014-05,77,Stress
2046,2014-06,61,Stress
2047,2014-07,65,Stress
2048,2014-08,66,Stress
2049,2014-09,76,Stress
2050,2014-10,78,Stress
2051,2014-11,73,Stress
2052,2014-12,69,Stress
2053,2015-01,69,Stress
2054,2015-02,74,Stress
2055,2015-03,79,Stress
2056,2015-04,85,Stress
2057,2015-05,69,Stress
2058,2015-06,64,Stress
2059,2015-07,65,Stress
2060,2015-08,65,Stress
2061,2015-09,79,Stress
2062,2015-10,82,Stress
2063,2015-11,85,Stress
2064,2015-12,72,Stress
2065,2016-01,70,Stress
2066,2016-02,85,Stress
2067,2016-03,83,Stress
2068,2016-04,85,Stress
2069,2016-05,76,Stress
2070,2016-06,65,Stress
2071,2016-07,64,Stress
2072,2016-08,64,Stress
2073,2016-09,82,Stress
2074,2016-10,81,Stress
2075,2016-11,81,Stress
2076,2016-12,78,Stress
2077,2017-01,76,Stress
2078,2017-02,88,Stress
2079,2017-03,86,Stress
2080,2017-04,88,Stress
2081,2017-05,76,Stress
2082,2017-06,67,Stress
2083,2017-07,70,Stress
2084,2017-08,70,Stress
2085,2017-09,77,Stress
2086,2017-10,89,Stress
2087,2017-11,86,Stress
2088,2017-12,77,Stress
2089,2018-01,75,Stress
2090,2018-02,87,Stress
2091,2018-03,85,Stress
2092,2018-04,86,Stress
2093,2018-05,76,Stress
2094,2018-06,70,Stress
2095,2018-07,66,Stress
2096,2018-08,74,Stress
2097,2018-09,83,Stress
2098,2018-10,90,Stress
2099,2018-11,84,Stress
2100,2018-12,77,Stress
2101,2019-01,75,Stress
2102,2019-02,89,Stress
2103,2019-03,90,Stress
2104,2019-04,90,Stress
2105,2019-05,80,Stress
2106,2019-06,72,Stress
2107,2019-07,69,Stress
2108,2019-08,73,Stress
2109,2019-09,84,Stress
2110,2019-10,90,Stress
2111,2019-11,82,Stress
2112,2019-12,75,Stress